{
  "Neural Network": {
    "accuracy": 0.7588075880758808,
    "precision": 0.7168141592920354,
    "recall": 0.8663101604278075,
    "f1": 0.784503631961259,
    "roc_auc": 0.834312746077452,
    "training_time": 2.146998643875122
  },
  "XGBoost": {
    "accuracy": 0.8102981029810298,
    "precision": 0.7510729613733905,
    "recall": 0.9358288770053476,
    "f1": 0.8333333333333334,
    "roc_auc": 0.8786801433860257,
    "training_time": 4.028876066207886
  },
  "Random Forest": {
    "accuracy": 0.7831978319783198,
    "precision": 0.7183673469387755,
    "recall": 0.9411764705882353,
    "f1": 0.8148148148148148,
    "roc_auc": 0.8759181994476112,
    "training_time": 0.7992234230041504
  },
  "Simple MLP": {
    "accuracy": 0.6802168021680217,
    "precision": 0.6374501992031872,
    "recall": 0.8556149732620321,
    "f1": 0.730593607305936,
    "roc_auc": 0.6962449315390491,
    "training_time": 0.09253239631652832
  }
}